Participant ID,Name,Department,Program Name,Completion %,Quiz Score,Attendance %,Feedback Score,Hours Spent,Program Status
PID001,Participant 1,Sales,Customer Success,29,57,69,4.7,13.2,Completed
PID002,Participant 2,Finance,Project Management,49,83,65,3.6,19.7,Not Started
PID003,Participant 3,Sales,Data Skills,79,90,85,4.3,15.3,Not Started
PID004,Participant 4,HR,Data Skills,77,87,61,4.6,27.1,Not Started
PID005,Participant 5,Operations,Project Management,86,100,96,3.4,18.4,Completed
PID006,Participant 6,Sales,Customer Success,49,53,88,4.2,10.9,Completed
PID007,Participant 7,HR,Project Management,29,50,89,4.6,10.3,In Progress
PID008,Participant 8,Sales,Project Management,84,82,61,3.0,18.2,In Progress
PID009,Participant 9,Finance,Leadership 101,63,53,89,3.6,23.1,Not Started
PID010,Participant 10,Operations,Customer Success,75,96,93,3.1,19.0,Completed
PID011,Participant 11,Finance,Leadership 101,54,88,70,3.3,27.9,In Progress
PID012,Participant 12,Operations,Customer Success,66,50,60,3.5,14.0,Completed
PID013,Participant 13,Finance,Project Management,42,71,100,5.0,23.0,Not Started
PID014,Participant 14,Tech,Data Skills,20,81,64,3.3,14.5,Not Started
PID015,Participant 15,Tech,Project Management,78,100,77,4.5,24.2,Completed
PID016,Participant 16,Operations,Customer Success,22,89,90,4.8,28.6,In Progress
PID017,Participant 17,Operations,Leadership 101,75,77,99,3.3,8.7,Completed
PID018,Participant 18,HR,Leadership 101,82,80,76,4.2,16.6,Not Started
PID019,Participant 19,Operations,Customer Success,20,64,68,4.6,23.7,Not Started
PID020,Participant 20,Sales,Data Skills,87,97,69,3.6,22.2,In Progress
PID021,Participant 21,Sales,Project Management,22,57,87,4.5,9.4,Not Started
PID022,Participant 22,Finance,Leadership 101,25,76,73,4.3,10.7,Completed
PID023,Participant 23,Finance,Data Skills,45,54,75,4.1,8.3,Completed
PID024,Participant 24,Sales,Project Management,85,97,60,3.1,28.9,Completed
PID025,Participant 25,Tech,Leadership 101,88,57,81,3.0,27.8,Completed
PID026,Participant 26,HR,Project Management,47,59,90,4.4,13.2,Not Started
PID027,Participant 27,HR,Leadership 101,45,51,81,3.5,25.3,Not Started
PID028,Participant 28,Sales,Leadership 101,42,93,78,4.5,9.8,Not Started
PID029,Participant 29,Finance,Leadership 101,31,50,86,5.0,19.0,Not Started
PID030,Participant 30,HR,Project Management,82,55,60,3.3,22.1,Not Started
PID031,Participant 31,Sales,Data Skills,92,57,63,3.7,10.6,In Progress
PID032,Participant 32,Sales,Project Management,76,88,99,4.3,18.1,Completed
PID033,Participant 33,Finance,Project Management,62,66,61,3.5,24.6,Not Started
PID034,Participant 34,Tech,Data Skills,36,61,63,3.6,20.7,In Progress
PID035,Participant 35,Sales,Customer Success,66,74,60,4.4,10.2,Completed
PID036,Participant 36,Finance,Leadership 101,64,81,69,3.9,19.8,Not Started
PID037,Participant 37,Sales,Data Skills,68,51,84,4.5,14.0,Not Started
PID038,Participant 38,Finance,Project Management,24,73,99,3.9,17.4,Not Started
PID039,Participant 39,Finance,Customer Success,22,87,77,4.7,7.7,In Progress
PID040,Participant 40,Operations,Leadership 101,81,57,80,3.3,26.1,Completed
PID041,Participant 41,Finance,Customer Success,77,50,70,3.9,13.3,In Progress
PID042,Participant 42,Operations,Project Management,95,96,95,3.3,9.2,In Progress
PID043,Participant 43,HR,Data Skills,89,85,100,4.5,8.8,Completed
PID044,Participant 44,Sales,Project Management,87,55,73,4.7,7.1,Not Started
PID045,Participant 45,Operations,Customer Success,51,68,93,3.8,16.5,Completed
PID046,Participant 46,Sales,Project Management,90,71,81,3.1,18.1,Completed
PID047,Participant 47,Tech,Leadership 101,43,85,63,3.5,29.3,In Progress
PID048,Participant 48,HR,Data Skills,32,78,83,5.0,25.8,Completed
PID049,Participant 49,HR,Customer Success,96,78,80,3.4,14.8,Not Started
PID050,Participant 50,HR,Leadership 101,27,69,93,4.5,25.6,Not Started
